This ,is ,for ,testing ,purposes ,only
This ,is ,for ,testing ,purposes ,only
This ,is ,for ,testing ,purposes ,only
This ,is ,for ,testing ,purposes ,only
This ,is ,for ,testing ,purposes ,only
This ,is ,for ,testing ,purposes ,only
This ,is ,for ,testing ,purposes ,only
This ,is ,for ,testing ,purposes ,only
This ,is ,for ,testing ,purposes ,only
This ,is ,for ,testing ,purposes ,only
This ,is ,for ,testing ,purposes ,only
This ,is ,for ,testing ,purposes ,only
This ,is ,for ,testing ,purposes ,only
This ,is ,for ,testing ,purposes ,only
This ,is ,for ,testing ,purposes ,only
This ,is ,for ,testing ,purposes ,only
This ,is ,for ,testing ,purposes ,only
This ,is ,for ,testing ,purposes ,only
